{
  "energy": 1,
  "mood": 0.06605004605527864,
  "load": 0,
  "alertness": 0.5,
  "anomaly": 0,
  "emotionVector": {
    "pleasure": -0.00930316943986383,
    "arousal": 0.2382601298677083,
    "dominance": 0.009208721652214239,
    "certainty": 0.015741787405648588,
    "novelty": 0.2382601298677083
  }
}