{
  "energy": 1,
  "mood": 0.042404171200163376,
  "load": 0,
  "alertness": 0.5,
  "anomaly": 0,
  "emotionVector": {
    "pleasure": -0.10005138227618698,
    "arousal": 0.15758030802728112,
    "dominance": 0.1718529624979212,
    "certainty": 0.29309169631494775,
    "novelty": 0.04502270931914189
  }
}