{
  "energy": 1,
  "mood": -0.020682123721982804,
  "load": 0,
  "alertness": 0.5,
  "anomaly": 0,
  "emotionVector": {
    "pleasure": -0.07096862318495989,
    "arousal": 0.2513081330665418,
    "dominance": 0.12189904688240172,
    "certainty": 0.20789631968300018,
    "novelty": 0.12495758146671863
  }
}