{
  "energy": 0.9990353888603666,
  "mood": -0.21937118045492102,
  "load": 0,
  "alertness": 0.5,
  "anomaly": 0,
  "emotionVector": {
    "pleasure": 0,
    "arousal": 0,
    "dominance": 0.23822260478804844,
    "certainty": 0.3970376746467477,
    "novelty": 0
  },
  "emotionLayers": {
    "reflex": -0.000009995691221130785,
    "emotion": -0.0012170375940162848,
    "mood": -0.21937118045492102
  }
}