{
  "energy": 1,
  "mood": -0.019530769504587993,
  "load": 0,
  "alertness": 0.5,
  "anomaly": 0,
  "emotionVector": {
    "pleasure": 0,
    "arousal": 0,
    "dominance": 0.2122823204181797,
    "certainty": 0.3538038673636331,
    "novelty": 0
  },
  "emotionLayers": {
    "reflex": 0,
    "emotion": 0,
    "mood": -0.019530769504587993
  }
}