{
  "energy": 1,
  "mood": 0.04017350780506658,
  "load": 0,
  "alertness": 0.5,
  "anomaly": 0,
  "emotionVector": {
    "pleasure": 0.7844914553781006,
    "arousal": 0,
    "dominance": 0.8306380115768126,
    "certainty": 0.34678068391565836,
    "novelty": 0
  },
  "emotionLayers": {
    "reflex": 0,
    "emotion": 0,
    "mood": 0.04017350780506658
  }
}