{
  "energy": 1,
  "mood": -0.003911470778852195,
  "load": 0,
  "alertness": 0.5,
  "anomaly": 0,
  "emotionVector": {
    "pleasure": 0,
    "arousal": 0,
    "dominance": 0.12292200272766382,
    "certainty": 0.20487000454610652,
    "novelty": 0
  },
  "emotionLayers": {
    "reflex": -9.999914801363133e-32,
    "emotion": -0.0002632436540201311,
    "mood": -0.003911470778852195
  }
}