{
  "energy": 0.7989041833333332,
  "mood": -0.3078842118312263,
  "load": 0.87761,
  "alertness": 0.5576478666666669,
  "anomaly": 0,
  "emotionVector": {
    "pleasure": -0.13394484059544215,
    "arousal": 0.9743236331841242,
    "dominance": -0.0013603176930388676,
    "certainty": -0.03974347053251826,
    "novelty": 0.6544705216117795
  }
}