{
  "energy": 1,
  "mood": -0.02845555975432035,
  "load": 0,
  "alertness": 0.5,
  "anomaly": 0,
  "emotionVector": {
    "pleasure": 0,
    "arousal": 0,
    "dominance": 0.2394197033045713,
    "certainty": 0.3990328388409525,
    "novelty": 0
  },
  "emotionLayers": {
    "reflex": 0,
    "emotion": 0,
    "mood": -0.02845555975432035
  }
}