{
  "energy": 1,
  "mood": 0.470148930341665,
  "load": 0,
  "alertness": 0.92,
  "anomaly": 0.350000000000001,
  "emotionVector": {
    "pleasure": 0.84575,
    "arousal": 0,
    "dominance": 0.8955,
    "certainty": 0.37762655453309457,
    "novelty": 0
  },
  "emotionLayers": {
    "reflex": 0,
    "emotion": 0,
    "mood": 0.470148930341665
  }
}