{
  "energy": 0.9720884293244954,
  "mood": 0.09811584156961667,
  "load": 0,
  "alertness": 0.5,
  "anomaly": 0,
  "emotionVector": {
    "pleasure": 0.04344842910642679,
    "arousal": 0,
    "dominance": 0.2853330391397315,
    "certainty": 0.47555506523288593,
    "novelty": 0
  },
  "emotionLayers": {
    "reflex": 0,
    "emotion": -0.001122823896315742,
    "mood": 0.09811584156961667
  }
}