{
  "energy": 0.9940460070653905,
  "mood": -0.3068746466363124,
  "load": 0,
  "alertness": 0.5,
  "anomaly": 0,
  "emotionVector": {
    "pleasure": 0,
    "arousal": 0,
    "dominance": 0.24062281739152894,
    "certainty": 0.40103802898588187,
    "novelty": 0
  },
  "emotionLayers": {
    "reflex": -0.0009995691221130784,
    "emotion": -0.0013453719811501875,
    "mood": -0.3068746466363124
  }
}