{
  "energy": 0.9617040333252977,
  "mood": 0.11462024041631763,
  "load": 0,
  "alertness": 0.5,
  "anomaly": 0,
  "emotionVector": {
    "pleasure": 0.04388619389048437,
    "arousal": 0,
    "dominance": 0.28820791307263105,
    "certainty": 0.4803465217877185,
    "novelty": 0
  },
  "emotionLayers": {
    "reflex": 0,
    "emotion": -0.001151255303678299,
    "mood": 0.11462024041631763
  }
}