{
  "energy": 1,
  "mood": -0.019163002219802074,
  "load": 0,
  "alertness": 0.5,
  "anomaly": 0,
  "emotionVector": {
    "pleasure": 0,
    "arousal": 0.14010160923833145,
    "dominance": 0.10925090402613505,
    "certainty": 0.18208484004355835,
    "novelty": 0.09340107282555431
  }
}