{
  "energy": 1,
  "mood": 0.5856227434524808,
  "load": 0,
  "alertness": 0.92,
  "anomaly": 0.4500000000000006,
  "emotionVector": {
    "pleasure": 0.84575,
    "arousal": 0,
    "dominance": 0.8955,
    "certainty": 0.3852744446559409,
    "novelty": 0
  },
  "emotionLayers": {
    "reflex": 0,
    "emotion": 0,
    "mood": 0.5856227434524808
  }
}