{
  "energy": 0.9929103,
  "mood": -0.20627574150075959,
  "load": 0.16203800000000002,
  "alertness": 0.6844133333333333,
  "anomaly": 0.13051666666666667,
  "emotionVector": {
    "pleasure": -0.14406,
    "arousal": 0.02901522287564903,
    "dominance": 0.06433238989843645,
    "certainty": 0.07520731649739407,
    "novelty": 0.019343481917099354
  }
}